probe_type,name,true_label,raw_predicted_class,min_residual,residual_ratio,sparsity_concentration,total_residual,rejected_as_unknown,recognized_in_database
selfie,IMG_6624.jpg,-1,38,0.9447229646193387,1.0022088525679411,0.03979791655918158,0.4181679151819199,1,0
selfie,IMG_6626.jpg,-1,38,0.9459859233122582,1.0017458697500425,0.04384460496252714,0.4252151953676607,1,0
selfie,IMG_6628.jpg,-1,38,0.9414862635613842,1.0108760892057007,0.044207060523523745,0.42176817824978835,1,0
selfie,IMG_6629.jpg,-1,11,0.9485648785742238,1.000777372443137,0.04286213311296748,0.42225112846728163,1,0
selfie,IMG_6632.jpg,-1,28,0.9351915844620544,1.0041344068617695,0.04098404028256176,0.3914677933534643,1,0
selfie,IMG_6634.jpg,-1,38,0.9210410170354691,1.0114223422864683,0.0561947774978301,0.41526738698307236,1,0
selfie,IMG_6656.jpg,-1,38,0.9305297532658934,1.0066875446256933,0.039656794668568085,0.44401457850998244,1,0
selfie,IMG_6657.jpg,-1,38,0.9396945049210883,1.0027263251079868,0.050218660888149975,0.4512741664438123,1,0
yale_friend_in_db,yale_test_1200,20,20,0.7681474895960257,1.2112982666874172,0.17822085369105953,0.23684810520904898,0,0
